case_id,method_id,split,domain,RQD,X1,X2,X3,X4,X5,X6,X7,X8,X9,X10,X11,sigma1_mpa,delta_mm,Ap,target_score,is_optimal
R01,1,real_pool,in_distribution,40.36566049570532,249.2511113352062,10.877990840060129,11.509730728029162,0.5366762401602209,7.925825848606975,6.820102314691495,193.81665342019983,0.7686308214943672,0.5627905422527428,0.5644456414058596,0.5150787351052759,8.185936497132326,7.886187411897072,0.1654085353173671,0.5830659406014091,0
R01,2,real_pool,in_distribution,40.36566049570532,237.79340907628185,10.3695876535453,12.278990881977414,0.5164448393211679,7.121929585366862,6.178452325880416,197.4167577812016,0.8860138959921204,0.4190103993906818,0.4767071602448957,0.7281256463073351,2.871291495154124,5.993368138182452,0.1299121172251869,0.6661357443651976,1
R01,3,real_pool,in_distribution,40.36566049570532,456.0370798169165,8.846245917166668,20.08109488338667,0.4272858088469876,9.859834288727969,8.21313585727794,171.64345222824832,0.6835369570997522,0.617639275311483,0.8903700212070661,0.4123229458932038,9.08640496223856,9.477313918657044,0.1865669593584885,0.6436985607177563,0
R02,1,real_pool,in_distribution,40.02979685028918,244.9767245502134,11.107417022969305,12.42208007857868,0.5213367973937857,8.380806672895964,6.853535469655656,192.5072607031449,0.7800291558440003,0.5433043486291436,0.5053509786831728,0.4603349475098782,7.065263028497606,8.265149061234188,0.1714218868713226,0.5796155273328412,0
R02,2,real_pool,in_distribution,40.02979685028918,260.3572803110165,9.74364841219808,11.609392386842933,0.539518420291781,7.360794057125893,6.678142342647391,182.4540442718402,0.8472931153702224,0.3866391737100585,0.4581456124043836,0.7370440368274953,2.792000203463654,5.943236099924032,0.1278208530619908,0.6763560521969506,1
R02,3,real_pool,in_distribution,40.02979685028918,462.0563417528085,8.839346405576121,19.88181741858869,0.4093328825364873,9.454560619783352,8.088839405662664,159.8053190395576,0.6537055135675959,0.6050963610339481,0.9139920979353204,0.3283082330623978,9.332569220017367,9.644731817683075,0.2006133524972199,0.6481066377996016,0
